{
    "loss": [
        0.3446539044380188,
        0.2350199669599533,
        0.18822389841079712,
        0.17649440467357635,
        0.15521098673343658,
        0.13724277913570404,
        0.12260430306196213,
        0.11682682484388351,
        0.10730641335248947,
        0.09825126081705093,
        0.10221218317747116,
        0.09271542727947235,
        0.08459055423736572,
        0.08509558439254761,
        0.08839744329452515,
        0.08432140946388245,
        0.08433173596858978,
        0.08123452216386795,
        0.07881138473749161,
        0.07897596061229706,
        0.07801054418087006,
        0.08266914635896683,
        0.080156609416008,
        0.09166370332241058,
        0.09186962246894836
    ],
    "accuracy": [
        0.8441334366798401,
        0.8983895778656006,
        0.9254217743873596,
        0.9284892678260803,
        0.9361580014228821,
        0.942101240158081,
        0.9516870975494385,
        0.9532208442687988,
        0.953987717628479,
        0.962806761264801,
        0.959930956363678,
        0.962806761264801,
        0.9656825065612793,
        0.9666411280632019,
        0.9658742547035217,
        0.9662576913833618,
        0.96875,
        0.9672162532806396,
        0.9695168733596802,
        0.9706671833992004,
        0.9677914381027222,
        0.9649156332015991,
        0.9675996899604797,
        0.967024564743042,
        0.9629984498023987
    ],
    "auc": [
        0.9275698661804199,
        0.9648413062095642,
        0.9768615365028381,
        0.9798605442047119,
        0.9842429757118225,
        0.9873206615447998,
        0.9893522262573242,
        0.9898957014083862,
        0.9919376969337463,
        0.9932861328125,
        0.993155837059021,
        0.9939396381378174,
        0.9947533011436462,
        0.994492769241333,
        0.9944165945053101,
        0.9949545860290527,
        0.9947250485420227,
        0.9946115016937256,
        0.9952442646026611,
        0.9949508309364319,
        0.9957334995269775,
        0.9953896999359131,
        0.9948425889015198,
        0.9933215975761414,
        0.9942440390586853
    ],
    "precision": [
        0.9463557004928589,
        0.9694077968597412,
        0.980430006980896,
        0.9778929948806763,
        0.980988621711731,
        0.9848032593727112,
        0.9884065985679626,
        0.9892212152481079,
        0.988706648349762,
        0.9901464581489563,
        0.9895833134651184,
        0.9906691312789917,
        0.9941176176071167,
        0.9912397265434265,
        0.9901883006095886,
        0.9917575120925903,
        0.9907456636428833,
        0.989687979221344,
        0.9930998086929321,
        0.9915478229522705,
        0.9902142286300659,
        0.9888771176338196,
        0.9928191304206848,
        0.9896852970123291,
        0.9878113269805908
    ],
    "recall": [
        0.8376774191856384,
        0.8913548588752747,
        0.9179354906082153,
        0.924645185470581,
        0.9321290254592896,
        0.9365161061286926,
        0.9460645318031311,
        0.9473548531532288,
        0.9489032030105591,
        0.9594838619232178,
        0.9561290144920349,
        0.9589677453041077,
        0.9594838619232178,
        0.9636129140853882,
        0.9636129140853882,
        0.9625806212425232,
        0.966967761516571,
        0.965935468673706,
        0.9656774401664734,
        0.9687741994857788,
        0.9661935567855835,
        0.9636129140853882,
        0.9633548259735107,
        0.9656774401664734,
        0.9620645046234131
    ],
    "val_loss": [
        0.40123653411865234,
        0.3159518837928772,
        0.25870364904403687,
        0.2739546000957489,
        0.2936733067035675,
        0.25791025161743164,
        0.23770615458488464,
        0.2202424257993698,
        0.2372390329837799,
        0.21346794068813324,
        0.21595436334609985,
        0.2146020084619522,
        0.20913757383823395,
        0.20814453065395355,
        0.21292860805988312,
        0.21768511831760406,
        0.2164817452430725,
        0.2135608196258545,
        0.21154648065567017,
        0.211187481880188,
        0.212402805685997,
        0.21242153644561768,
        0.21372459828853607,
        0.21059107780456543,
        0.21688874065876007
    ],
    "val_accuracy": [
        0.8269230723381042,
        0.8669871687889099,
        0.8846153616905212,
        0.879807710647583,
        0.8766025900840759,
        0.8814102411270142,
        0.8894230723381042,
        0.9054487347602844,
        0.8958333134651184,
        0.9118589758872986,
        0.9150640964508057,
        0.9182692170143127,
        0.9150640964508057,
        0.9134615659713745,
        0.9118589758872986,
        0.9134615659713745,
        0.9182692170143127,
        0.9134615659713745,
        0.9134615659713745,
        0.9134615659713745,
        0.9150640964508057,
        0.9134615659713745,
        0.9182692170143127,
        0.9134615659713745,
        0.9182692170143127
    ],
    "val_auc": [
        0.9074183702468872,
        0.9381875991821289,
        0.9562129974365234,
        0.9508109092712402,
        0.9506300687789917,
        0.9591003656387329,
        0.9652585983276367,
        0.9691978693008423,
        0.9685075879096985,
        0.9715811610221863,
        0.9752958416938782,
        0.9741617441177368,
        0.9756355285644531,
        0.975739598274231,
        0.9757451415061951,
        0.9759588241577148,
        0.9760738611221313,
        0.9760628342628479,
        0.976314902305603,
        0.9761888980865479,
        0.9761669635772705,
        0.976068377494812,
        0.9760683178901672,
        0.9763423204421997,
        0.9761396646499634
    ],
    "val_precision": [
        0.8634020686149597,
        0.9205479621887207,
        0.903553307056427,
        0.9112271666526794,
        0.924119234085083,
        0.9179894328117371,
        0.9257294535636902,
        0.9232736825942993,
        0.891566276550293,
        0.9442970752716064,
        0.9021479487419128,
        0.9568732976913452,
        0.9099756479263306,
        0.9077669978141785,
        0.9036144614219666,
        0.8999999761581421,
        0.9045345783233643,
        0.9057971239089966,
        0.9057971239089966,
        0.9057971239089966,
        0.9060240983963013,
        0.9057971239089966,
        0.9064748287200928,
        0.9057971239089966,
        0.9045345783233643
    ],
    "val_recall": [
        0.8589743375778198,
        0.8615384697914124,
        0.9128205180168152,
        0.8948717713356018,
        0.8743589520454407,
        0.8897435665130615,
        0.8948717713356018,
        0.9256410002708435,
        0.9487179517745972,
        0.9128205180168152,
        0.9692307710647583,
        0.9102563858032227,
        0.9589743614196777,
        0.9589743614196777,
        0.9615384340286255,
        0.9692307710647583,
        0.971794843673706,
        0.9615384340286255,
        0.9615384340286255,
        0.9615384340286255,
        0.964102566242218,
        0.9615384340286255,
        0.9692307710647583,
        0.9615384340286255,
        0.971794843673706
    ],
    "lr": [
        